Mã,Vòng,Đề,Câu,Dạng,Liên hệ bài lớp,Vai trò,Trang PDF đề,Trang in đề,Trang PDF lời giải,Trang in lời giải,Bài thay thế
VL-1-1,VL,1,1,Dãy có quy luật / dãy hiệu,Dãy số PDF1; CĐ1 PDF1,Bài đại diện,6,5,61,60,"VL-3-4,VL-4-4,VL-5-4,VL-7-3"
VL-1-2,VL,1,2,"Lịch, thứ trong tuần, tháng/năm","Giữa kì TN8,10,11; TL5",Bài đại diện,6,5,61,60,"VL-3-2,VL-4-2,VL-5-2,VL-6-4"
VL-1-3,VL,1,3,Làm ngược / tìm số ban đầu,Giữa kì TL6; CĐ1 PDF3,Bài đại diện,6,5,61,60,"VL-3-5,VL-4-5,VL-5-5,VL-6-3"
VL-1-4,VL,1,4,Chu kì hình / chữ / vị trí,Cấu tạo số bài14 PDF2; Dãy số bài15–16 PDF2,Bài đại diện,6,5,61,60,"VL-3-1,VL-4-1,VL-5-1,VL-6-1"
VL-1-5,VL,1,5,"Giả thiết tạm: chân, vé, tiền",Đề cương ôn nâng cao; sơ đồ bài lời văn,Bài đại diện,6,5,61,60,"VL-3-3,VL-4-3,VL-5-3"
VL-1-6,VL,1,6,Thứ tự phép tính / nhân chia,"Giữa kì TN12,15; CĐ1 PDF1",Bài đại diện,6,5,62,61,"VL-3-6,VL-4-6,VL-5-6,VL-5-10"
VL-1-7,VL,1,7,Tổng dãy cách đều,CĐ1 bài10 PDF2; Dãy số PDF1,Bài đại diện,7,6,62,61,"VL-3-7,VL-4-7,VL-5-7,VL-6-6"
VL-1-8,VL,1,8,Tính nhanh / thừa số chung / bù tròn,"Giữa kì TN20,TL7; CĐ1 bài2–6 PDF1–2",Bài đại diện,7,6,62,61,"VL-3-8,VL-4-8,VL-5-8,VL-6-7"
VL-1-9,VL,1,9,Ghép cặp với dấu cộng trừ,CĐ1 bài8–9 PDF2; ảnh bài8,Bài đại diện,7,6,62,61,"VL-3-9,VL-4-9,VL-5-9"
VL-1-10,VL,1,10,Chữ thay chữ số trong phép tính,Cấu tạo số PDF1–2,Thay thế/củng cố cùng dạng,7,6,62,61,"VL-3-10,VL-4-10,VL-7-9"
VL-1-11,VL,1,11,Chia hết / tìm chữ số / số lớn nhỏ,Phiếu Chia hết PDF1; cấu tạo số; TN4,Bài đại diện,7,6,62,61,"VL-1-14,VL-3-11,VL-3-15,VL-4-11"
VL-1-12,VL,1,12,Chữ số tận cùng của tích,Phiếu Chữ số tận cùng PDF1,Bài đại diện,7,6,63,62,"VL-3-12,VL-4-12,VL-5-12,VL-6-12"
VL-1-13,VL,1,13,"Phép toán mới, có thể lồng nhau",Topic4 theo nhật kí; giữa kì TN12,Bài đại diện,7,6,63,62,"VL-3-13,VL-4-13,VL-5-13,VL-7-14"
VL-1-14,VL,1,14,Chia hết / tìm chữ số / số lớn nhỏ,Phiếu Chia hết PDF1; cấu tạo số; TN4,Bài đại diện,7,6,63,62,"VL-1-11,VL-3-11,VL-3-15,VL-4-11"
VL-1-15,VL,1,15,Tổng–tỉ / hiệu–tỉ / phần bằng nhau,Math Comparison theo nhật kí; giữa kì TL10,Bài đại diện,8,7,63,62,"VL-3-14,VL-4-14,VL-5-14,VL-6-14"
VL-1-16,VL,1,16,"Đếm hình chữ nhật, có/không điều kiện",Topic5 Counting theo nhật kí; thiếu phiếu cụ thể,Bài đại diện,8,7,63,62,"VL-3-16,VL-4-16,VL-5-16,VL-6-16"
VL-1-17,VL,1,17,Diện tích phần tô / cắt ghép / ô vuông,"Giữa kì TN14,17,TL5,TT16–17",Bài đại diện,8,7,63,62,"VL-1-20,VL-3-17,VL-3-20,VL-4-20"
VL-1-18,VL,1,18,Chu vi–diện tích với cạnh nguyên / cực trị,"Giữa kì TN14,17; mở rộng hình chữ nhật",Bài đại diện,8,7,64,63,"VL-3-18,VL-4-19,VL-5-18"
VL-1-19,VL,1,19,Nhìn hình khối từ một phía,Chưa thấy bài lớp tương ứng,Bài đại diện,9,8,64,63,"VL-3-19,VL-4-18"
VL-1-20,VL,1,20,Diện tích phần tô / cắt ghép / ô vuông,"Giữa kì TN14,17,TL5,TT16–17",Thay thế/củng cố cùng dạng,9,8,64,63,"VL-1-17,VL-3-17,VL-3-20,VL-4-20"
VL-1-21,VL,1,21,Chắc chắn / trường hợp xấu nhất,Chưa thấy bài lớp tương ứng,Bài đại diện,9,8,64,63,"VL-3-22,VL-4-22,VL-7-21"
VL-1-22,VL,1,22,Đếm số theo điều kiện chữ số,Cấu tạo số; Topic5 Counting theo nhật kí,Bài đại diện,9,8,65,64,"VL-3-21,VL-4-21,VL-5-22,VL-5-24"
VL-1-23,VL,1,23,Đếm các số chia hết,CĐ1/Dãy số; phiếu Chia hết,Bài đại diện,10,9,65,64,"VL-3-23,VL-4-23,VL-5-21,VL-6-15"
VL-1-24,VL,1,24,Bậc thang / tổng bước / truy hồi,Chưa thấy bài lớp tương ứng,Bài đại diện,10,9,65,64,"VL-3-24,VL-4-24,VL-7-22"
VL-1-25,VL,1,25,Đếm đường đi trên sơ đồ,Chưa thấy bài lớp tương ứng,Bài đại diện,10,9,65,64,"VL-3-25,VL-4-25,VL-5-25,VL-6-22"
VL-2-1,VL,2,1,Chu kì hình / chữ / vị trí,Cấu tạo số bài14 PDF2; Dãy số bài15–16 PDF2,Giữ đề thi thử,11,10,66,65,"VL-1-4,VL-3-1,VL-4-1,VL-5-1"
VL-2-2,VL,2,2,"Lịch, thứ trong tuần, tháng/năm","Giữa kì TN8,10,11; TL5",Giữ đề thi thử,11,10,66,65,"VL-1-2,VL-3-2,VL-4-2,VL-5-2"
VL-2-3,VL,2,3,"Giả thiết tạm: chân, vé, tiền",Đề cương ôn nâng cao; sơ đồ bài lời văn,Giữ đề thi thử,11,10,66,65,"VL-1-5,VL-3-3,VL-4-3,VL-5-3"
VL-2-4,VL,2,4,Dãy có quy luật / dãy hiệu,Dãy số PDF1; CĐ1 PDF1,Giữ đề thi thử,11,10,66,65,"VL-1-1,VL-3-4,VL-4-4,VL-5-4"
VL-2-5,VL,2,5,Làm ngược / tìm số ban đầu,Giữa kì TL6; CĐ1 PDF3,Giữ đề thi thử,11,10,66,65,"VL-1-3,VL-3-5,VL-4-5,VL-5-5"
VL-2-6,VL,2,6,Thứ tự phép tính / nhân chia,"Giữa kì TN12,15; CĐ1 PDF1",Giữ đề thi thử,12,11,67,66,"VL-1-6,VL-3-6,VL-4-6,VL-5-6"
VL-2-7,VL,2,7,Tổng dãy cách đều,CĐ1 bài10 PDF2; Dãy số PDF1,Giữ đề thi thử,12,11,67,66,"VL-1-7,VL-3-7,VL-4-7,VL-5-7"
VL-2-8,VL,2,8,Tính nhanh / thừa số chung / bù tròn,"Giữa kì TN20,TL7; CĐ1 bài2–6 PDF1–2",Giữ đề thi thử,12,11,67,66,"VL-1-8,VL-3-8,VL-4-8,VL-5-8"
VL-2-9,VL,2,9,Ghép cặp với dấu cộng trừ,CĐ1 bài8–9 PDF2; ảnh bài8,Giữ đề thi thử,12,11,67,66,"VL-1-9,VL-3-9,VL-4-9,VL-5-9"
VL-2-10,VL,2,10,Chữ thay chữ số trong phép tính,Cấu tạo số PDF1–2,Giữ đề thi thử,12,11,67,66,"VL-1-10,VL-3-10,VL-4-10,VL-7-9"
VL-2-11,VL,2,11,Chia hết / tìm chữ số / số lớn nhỏ,Phiếu Chia hết PDF1; cấu tạo số; TN4,Giữ đề thi thử,12,11,67,66,"VL-1-11,VL-1-14,VL-3-11,VL-3-15"
VL-2-12,VL,2,12,Chữ số tận cùng của tích,Phiếu Chữ số tận cùng PDF1,Giữ đề thi thử,12,11,67,66,"VL-1-12,VL-3-12,VL-4-12,VL-5-12"
VL-2-13,VL,2,13,"Phép toán mới, có thể lồng nhau",Topic4 theo nhật kí; giữa kì TN12,Giữ đề thi thử,12,11,68,67,"VL-1-13,VL-3-13,VL-4-13,VL-5-13"
VL-2-14,VL,2,14,Tổng–tỉ / hiệu–tỉ / phần bằng nhau,Math Comparison theo nhật kí; giữa kì TL10,Giữ đề thi thử,13,12,68,67,"VL-1-15,VL-3-14,VL-4-14,VL-5-14"
VL-2-15,VL,2,15,Chia hết / tìm chữ số / số lớn nhỏ,Phiếu Chia hết PDF1; cấu tạo số; TN4,Giữ đề thi thử,13,12,68,67,"VL-1-11,VL-1-14,VL-3-11,VL-3-15"
VL-2-16,VL,2,16,"Đếm hình chữ nhật, có/không điều kiện",Topic5 Counting theo nhật kí; thiếu phiếu cụ thể,Giữ đề thi thử,13,12,68,67,"VL-1-16,VL-3-16,VL-4-16,VL-5-16"
VL-2-17,VL,2,17,Diện tích phần tô / cắt ghép / ô vuông,"Giữa kì TN14,17,TL5,TT16–17",Giữ đề thi thử,13,12,68,67,"VL-1-17,VL-1-20,VL-3-17,VL-3-20"
VL-2-18,VL,2,18,Chu vi–diện tích với cạnh nguyên / cực trị,"Giữa kì TN14,17; mở rộng hình chữ nhật",Giữ đề thi thử,13,12,68,67,"VL-1-18,VL-3-18,VL-4-19,VL-5-18"
VL-2-19,VL,2,19,Nhìn hình khối từ một phía,Chưa thấy bài lớp tương ứng,Giữ đề thi thử,14,13,69,68,"VL-1-19,VL-3-19,VL-4-18"
VL-2-20,VL,2,20,Diện tích phần tô / cắt ghép / ô vuông,"Giữa kì TN14,17,TL5,TT16–17",Giữ đề thi thử,14,13,69,68,"VL-1-17,VL-1-20,VL-3-17,VL-3-20"
VL-2-21,VL,2,21,Chắc chắn / trường hợp xấu nhất,Chưa thấy bài lớp tương ứng,Giữ đề thi thử,14,13,69,68,"VL-1-21,VL-3-22,VL-4-22,VL-7-21"
VL-2-22,VL,2,22,Đếm số theo điều kiện chữ số,Cấu tạo số; Topic5 Counting theo nhật kí,Giữ đề thi thử,14,13,69,68,"VL-1-22,VL-3-21,VL-4-21,VL-5-22"
VL-2-23,VL,2,23,Đếm các số chia hết,CĐ1/Dãy số; phiếu Chia hết,Giữ đề thi thử,15,14,69,68,"VL-1-23,VL-3-23,VL-4-23,VL-5-21"
VL-2-24,VL,2,24,Bậc thang / tổng bước / truy hồi,Chưa thấy bài lớp tương ứng,Giữ đề thi thử,15,14,70,69,"VL-1-24,VL-3-24,VL-4-24,VL-7-22"
VL-2-25,VL,2,25,Đếm đường đi trên sơ đồ,Chưa thấy bài lớp tương ứng,Giữ đề thi thử,15,14,70,69,"VL-1-25,VL-3-25,VL-4-25,VL-5-25"
VL-3-1,VL,3,1,Chu kì hình / chữ / vị trí,Cấu tạo số bài14 PDF2; Dãy số bài15–16 PDF2,Thay thế/củng cố cùng dạng,16,15,71,70,"VL-1-4,VL-4-1,VL-5-1,VL-6-1"
VL-3-2,VL,3,2,"Lịch, thứ trong tuần, tháng/năm","Giữa kì TN8,10,11; TL5",Thay thế/củng cố cùng dạng,16,15,71,70,"VL-1-2,VL-4-2,VL-5-2,VL-6-4"
VL-3-3,VL,3,3,"Giả thiết tạm: chân, vé, tiền",Đề cương ôn nâng cao; sơ đồ bài lời văn,Thay thế/củng cố cùng dạng,16,15,71,70,"VL-1-5,VL-4-3,VL-5-3"
VL-3-4,VL,3,4,Dãy có quy luật / dãy hiệu,Dãy số PDF1; CĐ1 PDF1,Thay thế/củng cố cùng dạng,16,15,71,70,"VL-1-1,VL-4-4,VL-5-4,VL-7-3"
VL-3-5,VL,3,5,Làm ngược / tìm số ban đầu,Giữa kì TL6; CĐ1 PDF3,Thay thế/củng cố cùng dạng,16,15,71,70,"VL-1-3,VL-4-5,VL-5-5,VL-6-3"
VL-3-6,VL,3,6,Thứ tự phép tính / nhân chia,"Giữa kì TN12,15; CĐ1 PDF1",Thay thế/củng cố cùng dạng,16,15,71,70,"VL-1-6,VL-4-6,VL-5-6,VL-5-10"
VL-3-7,VL,3,7,Tổng dãy cách đều,CĐ1 bài10 PDF2; Dãy số PDF1,Thay thế/củng cố cùng dạng,16,15,72,71,"VL-1-7,VL-4-7,VL-5-7,VL-6-6"
VL-3-8,VL,3,8,Tính nhanh / thừa số chung / bù tròn,"Giữa kì TN20,TL7; CĐ1 bài2–6 PDF1–2",Thay thế/củng cố cùng dạng,17,16,72,71,"VL-1-8,VL-4-8,VL-5-8,VL-6-7"
VL-3-9,VL,3,9,Ghép cặp với dấu cộng trừ,CĐ1 bài8–9 PDF2; ảnh bài8,Thay thế/củng cố cùng dạng,17,16,72,71,"VL-1-9,VL-4-9,VL-5-9"
VL-3-10,VL,3,10,Chữ thay chữ số trong phép tính,Cấu tạo số PDF1–2,Thay thế/củng cố cùng dạng,17,16,72,71,"VL-1-10,VL-4-10,VL-7-9"
VL-3-11,VL,3,11,Chia hết / tìm chữ số / số lớn nhỏ,Phiếu Chia hết PDF1; cấu tạo số; TN4,Thay thế/củng cố cùng dạng,17,16,72,71,"VL-1-11,VL-1-14,VL-3-15,VL-4-11"
VL-3-12,VL,3,12,Chữ số tận cùng của tích,Phiếu Chữ số tận cùng PDF1,Thay thế/củng cố cùng dạng,17,16,72,71,"VL-1-12,VL-4-12,VL-5-12,VL-6-12"
VL-3-13,VL,3,13,"Phép toán mới, có thể lồng nhau",Topic4 theo nhật kí; giữa kì TN12,Thay thế/củng cố cùng dạng,17,16,73,72,"VL-1-13,VL-4-13,VL-5-13,VL-7-14"
VL-3-14,VL,3,14,Tổng–tỉ / hiệu–tỉ / phần bằng nhau,Math Comparison theo nhật kí; giữa kì TL10,Thay thế/củng cố cùng dạng,17,16,73,72,"VL-1-15,VL-4-14,VL-5-14,VL-6-14"
VL-3-15,VL,3,15,Chia hết / tìm chữ số / số lớn nhỏ,Phiếu Chia hết PDF1; cấu tạo số; TN4,Thay thế/củng cố cùng dạng,17,16,73,72,"VL-1-11,VL-1-14,VL-3-11,VL-4-11"
VL-3-16,VL,3,16,"Đếm hình chữ nhật, có/không điều kiện",Topic5 Counting theo nhật kí; thiếu phiếu cụ thể,Thay thế/củng cố cùng dạng,18,17,73,72,"VL-1-16,VL-4-16,VL-5-16,VL-6-16"
VL-3-17,VL,3,17,Diện tích phần tô / cắt ghép / ô vuông,"Giữa kì TN14,17,TL5,TT16–17",Thay thế/củng cố cùng dạng,18,17,73,72,"VL-1-17,VL-1-20,VL-3-20,VL-4-20"
VL-3-18,VL,3,18,Chu vi–diện tích với cạnh nguyên / cực trị,"Giữa kì TN14,17; mở rộng hình chữ nhật",Thay thế/củng cố cùng dạng,18,17,73,72,"VL-1-18,VL-4-19,VL-5-18"
VL-3-19,VL,3,19,Nhìn hình khối từ một phía,Chưa thấy bài lớp tương ứng,Thay thế/củng cố cùng dạng,18,17,73,72,"VL-1-19,VL-4-18"
VL-3-20,VL,3,20,Diện tích phần tô / cắt ghép / ô vuông,"Giữa kì TN14,17,TL5,TT16–17",Thay thế/củng cố cùng dạng,19,18,74,73,"VL-1-17,VL-1-20,VL-3-17,VL-4-20"
VL-3-21,VL,3,21,Đếm số theo điều kiện chữ số,Cấu tạo số; Topic5 Counting theo nhật kí,Thay thế/củng cố cùng dạng,19,18,74,73,"VL-1-22,VL-4-21,VL-5-22,VL-5-24"
VL-3-22,VL,3,22,Chắc chắn / trường hợp xấu nhất,Chưa thấy bài lớp tương ứng,Thay thế/củng cố cùng dạng,19,18,74,73,"VL-1-21,VL-4-22,VL-7-21"
VL-3-23,VL,3,23,Đếm các số chia hết,CĐ1/Dãy số; phiếu Chia hết,Thay thế/củng cố cùng dạng,19,18,74,73,"VL-1-23,VL-4-23,VL-5-21,VL-6-15"
VL-3-24,VL,3,24,Bậc thang / tổng bước / truy hồi,Chưa thấy bài lớp tương ứng,Thay thế/củng cố cùng dạng,19,18,74,73,"VL-1-24,VL-4-24,VL-7-22"
VL-3-25,VL,3,25,Đếm đường đi trên sơ đồ,Chưa thấy bài lớp tương ứng,Thay thế/củng cố cùng dạng,19,18,74,73,"VL-1-25,VL-4-25,VL-5-25,VL-6-22"
VL-4-1,VL,4,1,Chu kì hình / chữ / vị trí,Cấu tạo số bài14 PDF2; Dãy số bài15–16 PDF2,Thay thế/củng cố cùng dạng,21,20,75,74,"VL-1-4,VL-3-1,VL-5-1,VL-6-1"
VL-4-2,VL,4,2,"Lịch, thứ trong tuần, tháng/năm","Giữa kì TN8,10,11; TL5",Thay thế/củng cố cùng dạng,21,20,75,74,"VL-1-2,VL-3-2,VL-5-2,VL-6-4"
VL-4-3,VL,4,3,"Giả thiết tạm: chân, vé, tiền",Đề cương ôn nâng cao; sơ đồ bài lời văn,Thay thế/củng cố cùng dạng,21,20,75,74,"VL-1-5,VL-3-3,VL-5-3"
VL-4-4,VL,4,4,Dãy có quy luật / dãy hiệu,Dãy số PDF1; CĐ1 PDF1,Thay thế/củng cố cùng dạng,21,20,75,74,"VL-1-1,VL-3-4,VL-5-4,VL-7-3"
VL-4-5,VL,4,5,Làm ngược / tìm số ban đầu,Giữa kì TL6; CĐ1 PDF3,Thay thế/củng cố cùng dạng,21,20,75,74,"VL-1-3,VL-3-5,VL-5-5,VL-6-3"
VL-4-6,VL,4,6,Thứ tự phép tính / nhân chia,"Giữa kì TN12,15; CĐ1 PDF1",Thay thế/củng cố cùng dạng,21,20,75,74,"VL-1-6,VL-3-6,VL-5-6,VL-5-10"
VL-4-7,VL,4,7,Tổng dãy cách đều,CĐ1 bài10 PDF2; Dãy số PDF1,Thay thế/củng cố cùng dạng,21,20,76,75,"VL-1-7,VL-3-7,VL-5-7,VL-6-6"
VL-4-8,VL,4,8,Tính nhanh / thừa số chung / bù tròn,"Giữa kì TN20,TL7; CĐ1 bài2–6 PDF1–2",Thay thế/củng cố cùng dạng,22,21,76,75,"VL-1-8,VL-3-8,VL-5-8,VL-6-7"
VL-4-9,VL,4,9,Ghép cặp với dấu cộng trừ,CĐ1 bài8–9 PDF2; ảnh bài8,Thay thế/củng cố cùng dạng,22,21,76,75,"VL-1-9,VL-3-9,VL-5-9"
VL-4-10,VL,4,10,Chữ thay chữ số trong phép tính,Cấu tạo số PDF1–2,Thay thế/củng cố cùng dạng,22,21,76,75,"VL-1-10,VL-3-10,VL-7-9"
VL-4-11,VL,4,11,Chia hết / tìm chữ số / số lớn nhỏ,Phiếu Chia hết PDF1; cấu tạo số; TN4,Thay thế/củng cố cùng dạng,22,21,76,75,"VL-1-11,VL-1-14,VL-3-11,VL-3-15"
VL-4-12,VL,4,12,Chữ số tận cùng của tích,Phiếu Chữ số tận cùng PDF1,Thay thế/củng cố cùng dạng,22,21,76,75,"VL-1-12,VL-3-12,VL-5-12,VL-6-12"
VL-4-13,VL,4,13,"Phép toán mới, có thể lồng nhau",Topic4 theo nhật kí; giữa kì TN12,Thay thế/củng cố cùng dạng,22,21,76,75,"VL-1-13,VL-3-13,VL-5-13,VL-7-14"
VL-4-14,VL,4,14,Tổng–tỉ / hiệu–tỉ / phần bằng nhau,Math Comparison theo nhật kí; giữa kì TL10,Thay thế/củng cố cùng dạng,22,21,76,75,"VL-1-15,VL-3-14,VL-5-14,VL-6-14"
VL-4-15,VL,4,15,Chia hết / tìm chữ số / số lớn nhỏ,Phiếu Chia hết PDF1; cấu tạo số; TN4,Thay thế/củng cố cùng dạng,22,21,77,76,"VL-1-11,VL-1-14,VL-3-11,VL-3-15"
VL-4-16,VL,4,16,"Đếm hình chữ nhật, có/không điều kiện",Topic5 Counting theo nhật kí; thiếu phiếu cụ thể,Thay thế/củng cố cùng dạng,23,22,77,76,"VL-1-16,VL-3-16,VL-5-16,VL-6-16"
VL-4-17,VL,4,17,Chu vi / suy cạnh / hình ghép,"Giữa kì TN14,17; TL10,12; TT16–18",Thay thế/củng cố cùng dạng,23,22,77,76,"VL-5-17,VL-6-17,VL-6-18,VL-7-18"
VL-4-18,VL,4,18,Nhìn hình khối từ một phía,Chưa thấy bài lớp tương ứng,Thay thế/củng cố cùng dạng,23,22,77,76,"VL-1-19,VL-3-19"
VL-4-19,VL,4,19,Chu vi–diện tích với cạnh nguyên / cực trị,"Giữa kì TN14,17; mở rộng hình chữ nhật",Thay thế/củng cố cùng dạng,23,22,77,76,"VL-1-18,VL-3-18,VL-5-18"
VL-4-20,VL,4,20,Diện tích phần tô / cắt ghép / ô vuông,"Giữa kì TN14,17,TL5,TT16–17",Thay thế/củng cố cùng dạng,23,22,78,77,"VL-1-17,VL-1-20,VL-3-17,VL-3-20"
VL-4-21,VL,4,21,Đếm số theo điều kiện chữ số,Cấu tạo số; Topic5 Counting theo nhật kí,Thay thế/củng cố cùng dạng,24,23,78,77,"VL-1-22,VL-3-21,VL-5-22,VL-5-24"
VL-4-22,VL,4,22,Chắc chắn / trường hợp xấu nhất,Chưa thấy bài lớp tương ứng,Thay thế/củng cố cùng dạng,24,23,78,77,"VL-1-21,VL-3-22,VL-7-21"
VL-4-23,VL,4,23,Đếm các số chia hết,CĐ1/Dãy số; phiếu Chia hết,Thay thế/củng cố cùng dạng,24,23,78,77,"VL-1-23,VL-3-23,VL-5-21,VL-6-15"
VL-4-24,VL,4,24,Bậc thang / tổng bước / truy hồi,Chưa thấy bài lớp tương ứng,Thay thế/củng cố cùng dạng,24,23,78,77,"VL-1-24,VL-3-24,VL-7-22"
VL-4-25,VL,4,25,Đếm đường đi trên sơ đồ,Chưa thấy bài lớp tương ứng,Thay thế/củng cố cùng dạng,24,23,78,77,"VL-1-25,VL-3-25,VL-5-25,VL-6-22"
VL-5-1,VL,5,1,Chu kì hình / chữ / vị trí,Cấu tạo số bài14 PDF2; Dãy số bài15–16 PDF2,Thay thế/củng cố cùng dạng,25,24,79,78,"VL-1-4,VL-3-1,VL-4-1,VL-6-1"
VL-5-2,VL,5,2,"Lịch, thứ trong tuần, tháng/năm","Giữa kì TN8,10,11; TL5",Thay thế/củng cố cùng dạng,25,24,79,78,"VL-1-2,VL-3-2,VL-4-2,VL-6-4"
VL-5-3,VL,5,3,"Giả thiết tạm: chân, vé, tiền",Đề cương ôn nâng cao; sơ đồ bài lời văn,Thay thế/củng cố cùng dạng,25,24,79,78,"VL-1-5,VL-3-3,VL-4-3"
VL-5-4,VL,5,4,Dãy có quy luật / dãy hiệu,Dãy số PDF1; CĐ1 PDF1,Thay thế/củng cố cùng dạng,25,24,79,78,"VL-1-1,VL-3-4,VL-4-4,VL-7-3"
VL-5-5,VL,5,5,Làm ngược / tìm số ban đầu,Giữa kì TL6; CĐ1 PDF3,Thay thế/củng cố cùng dạng,25,24,79,78,"VL-1-3,VL-3-5,VL-4-5,VL-6-3"
VL-5-6,VL,5,6,Thứ tự phép tính / nhân chia,"Giữa kì TN12,15; CĐ1 PDF1",Thay thế/củng cố cùng dạng,25,24,79,78,"VL-1-6,VL-3-6,VL-4-6,VL-5-10"
VL-5-7,VL,5,7,Tổng dãy cách đều,CĐ1 bài10 PDF2; Dãy số PDF1,Thay thế/củng cố cùng dạng,26,25,80,79,"VL-1-7,VL-3-7,VL-4-7,VL-6-6"
VL-5-8,VL,5,8,Tính nhanh / thừa số chung / bù tròn,"Giữa kì TN20,TL7; CĐ1 bài2–6 PDF1–2",Thay thế/củng cố cùng dạng,26,25,80,79,"VL-1-8,VL-3-8,VL-4-8,VL-6-7"
VL-5-9,VL,5,9,Ghép cặp với dấu cộng trừ,CĐ1 bài8–9 PDF2; ảnh bài8,Thay thế/củng cố cùng dạng,26,25,80,79,"VL-1-9,VL-3-9,VL-4-9"
VL-5-10,VL,5,10,Thứ tự phép tính / nhân chia,"Giữa kì TN12,15; CĐ1 PDF1",Thay thế/củng cố cùng dạng,26,25,80,79,"VL-1-6,VL-3-6,VL-4-6,VL-5-6"
VL-5-11,VL,5,11,Chia hết / tìm chữ số / số lớn nhỏ,Phiếu Chia hết PDF1; cấu tạo số; TN4,Thay thế/củng cố cùng dạng,26,25,80,79,"VL-1-11,VL-1-14,VL-3-11,VL-3-15"
VL-5-12,VL,5,12,Chữ số tận cùng của tích,Phiếu Chữ số tận cùng PDF1,Thay thế/củng cố cùng dạng,26,25,80,79,"VL-1-12,VL-3-12,VL-4-12,VL-6-12"
VL-5-13,VL,5,13,"Phép toán mới, có thể lồng nhau",Topic4 theo nhật kí; giữa kì TN12,Thay thế/củng cố cùng dạng,26,25,80,79,"VL-1-13,VL-3-13,VL-4-13,VL-7-14"
VL-5-14,VL,5,14,Tổng–tỉ / hiệu–tỉ / phần bằng nhau,Math Comparison theo nhật kí; giữa kì TL10,Thay thế/củng cố cùng dạng,26,25,81,80,"VL-1-15,VL-3-14,VL-4-14,VL-6-14"
VL-5-15,VL,5,15,Chia hết / tìm chữ số / số lớn nhỏ,Phiếu Chia hết PDF1; cấu tạo số; TN4,Thay thế/củng cố cùng dạng,26,25,81,80,"VL-1-11,VL-1-14,VL-3-11,VL-3-15"
VL-5-16,VL,5,16,"Đếm hình chữ nhật, có/không điều kiện",Topic5 Counting theo nhật kí; thiếu phiếu cụ thể,Thay thế/củng cố cùng dạng,27,26,81,80,"VL-1-16,VL-3-16,VL-4-16,VL-6-16"
VL-5-17,VL,5,17,Chu vi / suy cạnh / hình ghép,"Giữa kì TN14,17; TL10,12; TT16–18",Thay thế/củng cố cùng dạng,27,26,81,80,"VL-4-17,VL-6-17,VL-6-18,VL-7-18"
VL-5-18,VL,5,18,Chu vi–diện tích với cạnh nguyên / cực trị,"Giữa kì TN14,17; mở rộng hình chữ nhật",Thay thế/củng cố cùng dạng,27,26,81,80,"VL-1-18,VL-3-18,VL-4-19"
VL-5-19,VL,5,19,"Cạnh / mặt hình lập phương, hình chóp",Chưa thấy bài lớp tương ứng,Thay thế/củng cố cùng dạng,27,26,82,81,VL-6-19
VL-5-20,VL,5,20,Diện tích phần tô / cắt ghép / ô vuông,"Giữa kì TN14,17,TL5,TT16–17",Thay thế/củng cố cùng dạng,27,26,82,81,"VL-1-17,VL-1-20,VL-3-17,VL-3-20"
VL-5-21,VL,5,21,Đếm các số chia hết,CĐ1/Dãy số; phiếu Chia hết,Thay thế/củng cố cùng dạng,28,27,82,81,"VL-1-23,VL-3-23,VL-4-23,VL-6-15"
VL-5-22,VL,5,22,Đếm số theo điều kiện chữ số,Cấu tạo số; Topic5 Counting theo nhật kí,Thay thế/củng cố cùng dạng,28,27,82,81,"VL-1-22,VL-3-21,VL-4-21,VL-5-24"
VL-5-23,VL,5,23,Đếm cách tô màu,Chưa thấy bài lớp tương ứng,Mở rộng tùy sức,28,27,82,81,
VL-5-24,VL,5,24,Đếm số theo điều kiện chữ số,Cấu tạo số; Topic5 Counting theo nhật kí,Thay thế/củng cố cùng dạng,28,27,82,81,"VL-1-22,VL-3-21,VL-4-21,VL-5-22"
VL-5-25,VL,5,25,Đếm đường đi trên sơ đồ,Chưa thấy bài lớp tương ứng,Thay thế/củng cố cùng dạng,28,27,83,82,"VL-1-25,VL-3-25,VL-4-25,VL-6-22"
VL-6-1,VL,6,1,Chu kì hình / chữ / vị trí,Cấu tạo số bài14 PDF2; Dãy số bài15–16 PDF2,Thay thế/củng cố cùng dạng,29,28,84,83,"VL-1-4,VL-3-1,VL-4-1,VL-5-1"
VL-6-2,VL,6,2,Tuổi kết hợp tổng–hiệu,"Giữa kì TN18,TL13; phiếu Tổng hiệu",Bài đại diện,29,28,84,83,
VL-6-3,VL,6,3,Làm ngược / tìm số ban đầu,Giữa kì TL6; CĐ1 PDF3,Thay thế/củng cố cùng dạng,29,28,84,83,"VL-1-3,VL-3-5,VL-4-5,VL-5-5"
VL-6-4,VL,6,4,"Lịch, thứ trong tuần, tháng/năm","Giữa kì TN8,10,11; TL5",Thay thế/củng cố cùng dạng,29,28,84,83,"VL-1-2,VL-3-2,VL-4-2,VL-5-2"
VL-6-5,VL,6,5,Giá trị chữ số / thêm chữ số / sai hàng,"Giữa kì TN1–2,TL2–3,8; Cấu tạo số",Thay thế/củng cố cùng dạng,29,28,84,83,VL-7-15
VL-6-6,VL,6,6,Tổng dãy cách đều,CĐ1 bài10 PDF2; Dãy số PDF1,Thay thế/củng cố cùng dạng,29,28,84,83,"VL-1-7,VL-3-7,VL-4-7,VL-5-7"
VL-6-7,VL,6,7,Tính nhanh / thừa số chung / bù tròn,"Giữa kì TN20,TL7; CĐ1 bài2–6 PDF1–2",Thay thế/củng cố cùng dạng,29,28,84,83,"VL-1-8,VL-3-8,VL-4-8,VL-5-8"
VL-6-8,VL,6,8,Thứ tự phép tính / nhân chia,"Giữa kì TN12,15; CĐ1 PDF1",Thay thế/củng cố cùng dạng,30,29,85,84,"VL-1-6,VL-3-6,VL-4-6,VL-5-6"
VL-6-9,VL,6,9,Thứ tự phép tính / nhân chia,"Giữa kì TN12,15; CĐ1 PDF1",Thay thế/củng cố cùng dạng,30,29,85,84,"VL-1-6,VL-3-6,VL-4-6,VL-5-6"
VL-6-10,VL,6,10,Tính nhanh / thừa số chung / bù tròn,"Giữa kì TN20,TL7; CĐ1 bài2–6 PDF1–2",Thay thế/củng cố cùng dạng,30,29,85,84,"VL-1-8,VL-3-8,VL-4-8,VL-5-8"
VL-6-11,VL,6,11,Chia hết / tìm chữ số / số lớn nhỏ,Phiếu Chia hết PDF1; cấu tạo số; TN4,Thay thế/củng cố cùng dạng,30,29,85,84,"VL-1-11,VL-1-14,VL-3-11,VL-3-15"
VL-6-12,VL,6,12,Chữ số tận cùng của tích,Phiếu Chữ số tận cùng PDF1,Thay thế/củng cố cùng dạng,30,29,85,84,"VL-1-12,VL-3-12,VL-4-12,VL-5-12"
VL-6-13,VL,6,13,Đếm ước của một số,Phiếu Chia hết; chưa thấy chuyên đề đếm ước,Mở rộng tùy sức,30,29,85,84,
VL-6-14,VL,6,14,Tổng–tỉ / hiệu–tỉ / phần bằng nhau,Math Comparison theo nhật kí; giữa kì TL10,Thay thế/củng cố cùng dạng,30,29,85,84,"VL-1-15,VL-3-14,VL-4-14,VL-5-14"
VL-6-15,VL,6,15,Đếm các số chia hết,CĐ1/Dãy số; phiếu Chia hết,Thay thế/củng cố cùng dạng,30,29,86,85,"VL-1-23,VL-3-23,VL-4-23,VL-5-21"
VL-6-16,VL,6,16,"Đếm hình chữ nhật, có/không điều kiện",Topic5 Counting theo nhật kí; thiếu phiếu cụ thể,Thay thế/củng cố cùng dạng,31,30,86,85,"VL-1-16,VL-3-16,VL-4-16,VL-5-16"
VL-6-17,VL,6,17,Chu vi / suy cạnh / hình ghép,"Giữa kì TN14,17; TL10,12; TT16–18",Thay thế/củng cố cùng dạng,31,30,86,85,"VL-4-17,VL-5-17,VL-6-18,VL-7-18"
VL-6-18,VL,6,18,Chu vi / suy cạnh / hình ghép,"Giữa kì TN14,17; TL10,12; TT16–18",Thay thế/củng cố cùng dạng,31,30,86,85,"VL-4-17,VL-5-17,VL-6-17,VL-7-18"
VL-6-19,VL,6,19,"Cạnh / mặt hình lập phương, hình chóp",Chưa thấy bài lớp tương ứng,Mở rộng tùy sức,31,30,86,85,VL-5-19
VL-6-20,VL,6,20,Số phần lớn nhất do đường thẳng cắt,Chưa thấy bài lớp tương ứng,Mở rộng tùy sức,31,30,86,85,
VL-6-21,VL,6,21,Tổng–tỉ / hiệu–tỉ / phần bằng nhau,Math Comparison theo nhật kí; giữa kì TL10,Thay thế/củng cố cùng dạng,31,30,87,86,"VL-1-15,VL-3-14,VL-4-14,VL-5-14"
VL-6-22,VL,6,22,Đếm đường đi trên sơ đồ,Chưa thấy bài lớp tương ứng,Thay thế/củng cố cùng dạng,32,31,87,86,"VL-1-25,VL-3-25,VL-4-25,VL-5-25"
VL-6-23,VL,6,23,Đếm số theo điều kiện chữ số,Cấu tạo số; Topic5 Counting theo nhật kí,Thay thế/củng cố cùng dạng,32,31,87,86,"VL-1-22,VL-3-21,VL-4-21,VL-5-22"
VL-6-24,VL,6,24,Đếm số theo điều kiện chữ số,Cấu tạo số; Topic5 Counting theo nhật kí,Thay thế/củng cố cùng dạng,32,31,88,87,"VL-1-22,VL-3-21,VL-4-21,VL-5-22"
VL-6-25,VL,6,25,Lập số để tổng/hiệu lớn nhỏ nhất,Cấu tạo số; mở rộng,Mở rộng tùy sức,32,31,88,87,
VL-7-1,VL,7,1,Thứ tự phép tính / nhân chia,"Giữa kì TN12,15; CĐ1 PDF1",Thay thế/củng cố cùng dạng,33,32,89,88,"VL-1-6,VL-3-6,VL-4-6,VL-5-6"
VL-7-2,VL,7,2,"Lịch, thứ trong tuần, tháng/năm","Giữa kì TN8,10,11; TL5",Thay thế/củng cố cùng dạng,33,32,89,88,"VL-1-2,VL-3-2,VL-4-2,VL-5-2"
VL-7-3,VL,7,3,Dãy có quy luật / dãy hiệu,Dãy số PDF1; CĐ1 PDF1,Thay thế/củng cố cùng dạng,33,32,89,88,"VL-1-1,VL-3-4,VL-4-4,VL-5-4"
VL-7-4,VL,7,4,Bảng quy luật / tổng các ô liên tiếp,Cấu tạo số bài15 PDF2; Topic3 theo nhật kí,Bài đại diện,33,32,89,88,"VL-7-5,VL-7-25"
VL-7-5,VL,7,5,Bảng quy luật / tổng các ô liên tiếp,Cấu tạo số bài15 PDF2; Topic3 theo nhật kí,Thay thế/củng cố cùng dạng,33,32,89,88,"VL-7-4,VL-7-25"
VL-7-6,VL,7,6,Tính nhanh / thừa số chung / bù tròn,"Giữa kì TN20,TL7; CĐ1 bài2–6 PDF1–2",Thay thế/củng cố cùng dạng,34,33,90,89,"VL-1-8,VL-3-8,VL-4-8,VL-5-8"
VL-7-7,VL,7,7,Thứ tự phép tính / nhân chia,"Giữa kì TN12,15; CĐ1 PDF1",Thay thế/củng cố cùng dạng,34,33,90,89,"VL-1-6,VL-3-6,VL-4-6,VL-5-6"
VL-7-8,VL,7,8,Tổng dãy cách đều,CĐ1 bài10 PDF2; Dãy số PDF1,Thay thế/củng cố cùng dạng,34,33,90,89,"VL-1-7,VL-3-7,VL-4-7,VL-5-7"
VL-7-9,VL,7,9,Chữ thay chữ số trong phép tính,Cấu tạo số PDF1–2,Thay thế/củng cố cùng dạng,34,33,90,89,"VL-1-10,VL-3-10,VL-4-10"
VL-7-10,VL,7,10,Tổng dãy nhân / nhân rồi trừ,Mở rộng từ CĐ1,Mở rộng tùy sức,34,33,90,89,
VL-7-11,VL,7,11,Tổng–tỉ / hiệu–tỉ / phần bằng nhau,Math Comparison theo nhật kí; giữa kì TL10,Thay thế/củng cố cùng dạng,34,33,90,89,"VL-1-15,VL-3-14,VL-4-14,VL-5-14"
VL-7-12,VL,7,12,Đếm chia hết cho A hoặc B,Chia hết và đếm dãy,Mở rộng tùy sức,34,33,91,90,
VL-7-13,VL,7,13,Chia hết / tìm chữ số / số lớn nhỏ,Phiếu Chia hết PDF1; cấu tạo số; TN4,Thay thế/củng cố cùng dạng,34,33,91,90,"VL-1-11,VL-1-14,VL-3-11,VL-3-15"
VL-7-14,VL,7,14,"Phép toán mới, có thể lồng nhau",Topic4 theo nhật kí; giữa kì TN12,Thay thế/củng cố cùng dạng,35,34,91,90,"VL-1-13,VL-3-13,VL-4-13,VL-5-13"
VL-7-15,VL,7,15,Giá trị chữ số / thêm chữ số / sai hàng,"Giữa kì TN1–2,TL2–3,8; Cấu tạo số",Bài đại diện,35,34,91,90,VL-6-5
VL-7-16,VL,7,16,Diện tích phần tô / cắt ghép / ô vuông,"Giữa kì TN14,17,TL5,TT16–17",Bài đại diện,35,34,91,90,"VL-1-17,VL-1-20,VL-3-17,VL-3-20"
VL-7-17,VL,7,17,Đếm mặt cần sơn / diện tích bề mặt,Chưa thấy bài lớp tương ứng,Mở rộng tùy sức,35,34,92,91,
VL-7-18,VL,7,18,Chu vi / suy cạnh / hình ghép,"Giữa kì TN14,17; TL10,12; TT16–18",Thay thế/củng cố cùng dạng,35,34,92,91,"VL-4-17,VL-5-17,VL-6-17,VL-6-18"
VL-7-19,VL,7,19,"Đếm hình chữ nhật, có/không điều kiện",Topic5 Counting theo nhật kí; thiếu phiếu cụ thể,Thay thế/củng cố cùng dạng,36,35,92,91,"VL-1-16,VL-3-16,VL-4-16,VL-5-16"
VL-7-20,VL,7,20,Chu vi / suy cạnh / hình ghép,"Giữa kì TN14,17; TL10,12; TT16–18",Thay thế/củng cố cùng dạng,36,35,92,91,"VL-4-17,VL-5-17,VL-6-17,VL-6-18"
VL-7-21,VL,7,21,Chắc chắn / trường hợp xấu nhất,Chưa thấy bài lớp tương ứng,Thay thế/củng cố cùng dạng,36,35,93,92,"VL-1-21,VL-3-22,VL-4-22"
VL-7-22,VL,7,22,Bậc thang / tổng bước / truy hồi,Chưa thấy bài lớp tương ứng,Thay thế/củng cố cùng dạng,36,35,93,92,"VL-1-24,VL-3-24,VL-4-24"
VL-7-23,VL,7,23,Chữ số thứ n của dãy số viết liền,Dãy số bài14 PDF2,Mở rộng tùy sức,36,35,93,92,
VL-7-24,VL,7,24,Đếm số theo điều kiện chữ số,Cấu tạo số; Topic5 Counting theo nhật kí,Thay thế/củng cố cùng dạng,37,36,93,92,"VL-1-22,VL-3-21,VL-4-21,VL-5-22"
VL-7-25,VL,7,25,Bảng quy luật / tổng các ô liên tiếp,Cấu tạo số bài15 PDF2; Topic3 theo nhật kí,Mở rộng tùy sức,37,36,94,93,"VL-7-4,VL-7-5"
QG-1-1,QG,1,1,"Trung bình cộng, tìm số thiếu",Phiếu Trung bình cộng PDF1; chưa xác nhận đã học,Để sau TIMO/giữa kì,38,37,95,94,
QG-1-2,QG,1,2,"Lịch, thứ trong tuần, tháng/năm","Giữa kì TN8,10,11; TL5",Để sau TIMO/giữa kì,38,37,95,94,"VL-1-2,VL-3-2,VL-4-2,VL-5-2"
QG-1-3,QG,1,3,Cắt gỗ / dây: số nhát cắt,Chưa thấy bài lớp tương ứng,Để sau TIMO/giữa kì,38,37,95,94,
QG-1-4,QG,1,4,Bảng quy luật / tổng các ô liên tiếp,Cấu tạo số bài15 PDF2; Topic3 theo nhật kí,Để sau TIMO/giữa kì,38,37,95,94,"VL-7-4,VL-7-5,VL-7-25"
QG-1-5,QG,1,5,"Giả thiết tạm: chân, vé, tiền",Đề cương ôn nâng cao; sơ đồ bài lời văn,Để sau TIMO/giữa kì,38,37,95,94,"VL-1-5,VL-3-3,VL-4-3,VL-5-3"
QG-1-6,QG,1,6,Tính nhanh / thừa số chung / bù tròn,"Giữa kì TN20,TL7; CĐ1 bài2–6 PDF1–2",Để sau TIMO/giữa kì,38,37,96,95,"VL-1-8,VL-3-8,VL-4-8,VL-5-8"
QG-1-7,QG,1,7,Thứ tự phép tính / nhân chia,"Giữa kì TN12,15; CĐ1 PDF1",Để sau TIMO/giữa kì,38,37,96,95,"VL-1-6,VL-3-6,VL-4-6,VL-5-6"
QG-1-8,QG,1,8,Thứ tự phép tính / nhân chia,"Giữa kì TN12,15; CĐ1 PDF1",Để sau TIMO/giữa kì,38,37,96,95,"VL-1-6,VL-3-6,VL-4-6,VL-5-6"
QG-1-9,QG,1,9,Tổng dãy cách đều,CĐ1 bài10 PDF2; Dãy số PDF1,Để sau TIMO/giữa kì,39,38,96,95,"VL-1-7,VL-3-7,VL-4-7,VL-5-7"
QG-1-10,QG,1,10,Ghép cặp với dấu cộng trừ,CĐ1 bài8–9 PDF2; ảnh bài8,Để sau TIMO/giữa kì,39,38,96,95,"VL-1-9,VL-3-9,VL-4-9,VL-5-9"
QG-1-11,QG,1,11,Đếm ước của một số,Phiếu Chia hết; chưa thấy chuyên đề đếm ước,Để sau TIMO/giữa kì,39,38,96,95,VL-6-13
QG-1-12,QG,1,12,Chia hết / tìm chữ số / số lớn nhỏ,Phiếu Chia hết PDF1; cấu tạo số; TN4,Để sau TIMO/giữa kì,39,38,97,96,"VL-1-11,VL-1-14,VL-3-11,VL-3-15"
QG-1-13,QG,1,13,"Phép toán mới, có thể lồng nhau",Topic4 theo nhật kí; giữa kì TN12,Để sau TIMO/giữa kì,39,38,97,96,"VL-1-13,VL-3-13,VL-4-13,VL-5-13"
QG-1-14,QG,1,14,Tổng–tỉ / hiệu–tỉ / phần bằng nhau,Math Comparison theo nhật kí; giữa kì TL10,Để sau TIMO/giữa kì,39,38,97,96,"VL-1-15,VL-3-14,VL-4-14,VL-5-14"
QG-1-15,QG,1,15,Đếm chia hết cho A hoặc B,Chia hết và đếm dãy,Để sau TIMO/giữa kì,39,38,97,96,VL-7-12
QG-1-16,QG,1,16,"Đếm hình chữ nhật, có/không điều kiện",Topic5 Counting theo nhật kí; thiếu phiếu cụ thể,Để sau TIMO/giữa kì,39,38,97,96,"VL-1-16,VL-3-16,VL-4-16,VL-5-16"
QG-1-17,QG,1,17,"Đếm hình chữ nhật, có/không điều kiện",Topic5 Counting theo nhật kí; thiếu phiếu cụ thể,Để sau TIMO/giữa kì,39,38,98,97,"VL-1-16,VL-3-16,VL-4-16,VL-5-16"
QG-1-18,QG,1,18,Chu vi–diện tích với cạnh nguyên / cực trị,"Giữa kì TN14,17; mở rộng hình chữ nhật",Để sau TIMO/giữa kì,40,39,98,97,"VL-1-18,VL-3-18,VL-4-19,VL-5-18"
QG-1-19,QG,1,19,Nhìn hình khối từ một phía,Chưa thấy bài lớp tương ứng,Để sau TIMO/giữa kì,40,39,98,97,"VL-1-19,VL-3-19,VL-4-18"
QG-1-20,QG,1,20,"Cạnh / mặt hình lập phương, hình chóp",Chưa thấy bài lớp tương ứng,Để sau TIMO/giữa kì,40,39,99,98,"VL-5-19,VL-6-19"
QG-1-21,QG,1,21,Đếm số có tích chữ số cho trước,Cấu tạo số; mở rộng,Để sau TIMO/giữa kì,40,39,99,98,
QG-1-22,QG,1,22,Đếm số theo điều kiện chữ số,Cấu tạo số; Topic5 Counting theo nhật kí,Để sau TIMO/giữa kì,40,39,99,98,"VL-1-22,VL-3-21,VL-4-21,VL-5-22"
QG-1-23,QG,1,23,Chắc chắn / trường hợp xấu nhất,Chưa thấy bài lớp tương ứng,Để sau TIMO/giữa kì,40,39,99,98,"VL-1-21,VL-3-22,VL-4-22,VL-7-21"
QG-1-24,QG,1,24,Đếm số theo điều kiện chữ số,Cấu tạo số; Topic5 Counting theo nhật kí,Để sau TIMO/giữa kì,40,39,99,98,"VL-1-22,VL-3-21,VL-4-21,VL-5-22"
QG-1-25,QG,1,25,Đếm đường đi trên sơ đồ,Chưa thấy bài lớp tương ứng,Để sau TIMO/giữa kì,41,40,100,99,"VL-1-25,VL-3-25,VL-4-25,VL-5-25"
QG-2-1,QG,2,1,"Trung bình cộng, tìm số thiếu",Phiếu Trung bình cộng PDF1; chưa xác nhận đã học,Để sau TIMO/giữa kì,42,41,101,100,
QG-2-2,QG,2,2,Tuổi kết hợp tổng–hiệu,"Giữa kì TN18,TL13; phiếu Tổng hiệu",Để sau TIMO/giữa kì,42,41,101,100,VL-6-2
QG-2-3,QG,2,3,Làm ngược / tìm số ban đầu,Giữa kì TL6; CĐ1 PDF3,Để sau TIMO/giữa kì,42,41,101,100,"VL-1-3,VL-3-5,VL-4-5,VL-5-5"
QG-2-4,QG,2,4,"Lịch, thứ trong tuần, tháng/năm","Giữa kì TN8,10,11; TL5",Để sau TIMO/giữa kì,42,41,101,100,"VL-1-2,VL-3-2,VL-4-2,VL-5-2"
QG-2-5,QG,2,5,Cắt gỗ / dây: số nhát cắt,Chưa thấy bài lớp tương ứng,Để sau TIMO/giữa kì,42,41,102,101,
QG-2-6,QG,2,6,Tính nhanh / thừa số chung / bù tròn,"Giữa kì TN20,TL7; CĐ1 bài2–6 PDF1–2",Để sau TIMO/giữa kì,42,41,102,101,"VL-1-8,VL-3-8,VL-4-8,VL-5-8"
QG-2-7,QG,2,7,Tổng dãy nhân / nhân rồi trừ,Mở rộng từ CĐ1,Để sau TIMO/giữa kì,42,41,102,101,VL-7-10
QG-2-8,QG,2,8,Thứ tự phép tính / nhân chia,"Giữa kì TN12,15; CĐ1 PDF1",Để sau TIMO/giữa kì,42,41,102,101,"VL-1-6,VL-3-6,VL-4-6,VL-5-6"
QG-2-9,QG,2,9,Tổng dãy cách đều,CĐ1 bài10 PDF2; Dãy số PDF1,Để sau TIMO/giữa kì,42,41,102,101,"VL-1-7,VL-3-7,VL-4-7,VL-5-7"
QG-2-10,QG,2,10,Tổng dãy cách đều,CĐ1 bài10 PDF2; Dãy số PDF1,Để sau TIMO/giữa kì,42,41,102,101,"VL-1-7,VL-3-7,VL-4-7,VL-5-7"
QG-2-11,QG,2,11,Chữ số tận cùng của tích,Phiếu Chữ số tận cùng PDF1,Để sau TIMO/giữa kì,43,42,103,102,"VL-1-12,VL-3-12,VL-4-12,VL-5-12"
QG-2-12,QG,2,12,Chia hết / tìm chữ số / số lớn nhỏ,Phiếu Chia hết PDF1; cấu tạo số; TN4,Để sau TIMO/giữa kì,43,42,103,102,"VL-1-11,VL-1-14,VL-3-11,VL-3-15"
QG-2-13,QG,2,13,Chia hết / tìm chữ số / số lớn nhỏ,Phiếu Chia hết PDF1; cấu tạo số; TN4,Để sau TIMO/giữa kì,43,42,103,102,"VL-1-11,VL-1-14,VL-3-11,VL-3-15"
QG-2-14,QG,2,14,"Phép toán mới, có thể lồng nhau",Topic4 theo nhật kí; giữa kì TN12,Để sau TIMO/giữa kì,43,42,103,102,"VL-1-13,VL-3-13,VL-4-13,VL-5-13"
QG-2-15,QG,2,15,Tổng các số chẵn/lẻ liên tiếp,CĐ1/Dãy số; nâng cao,Để sau TIMO/giữa kì,43,42,103,102,
QG-2-16,QG,2,16,"Đếm hình chữ nhật, có/không điều kiện",Topic5 Counting theo nhật kí; thiếu phiếu cụ thể,Để sau TIMO/giữa kì,43,42,104,103,"VL-1-16,VL-3-16,VL-4-16,VL-5-16"
QG-2-17,QG,2,17,Chu vi–diện tích với cạnh nguyên / cực trị,"Giữa kì TN14,17; mở rộng hình chữ nhật",Để sau TIMO/giữa kì,43,42,104,103,"VL-1-18,VL-3-18,VL-4-19,VL-5-18"
QG-2-18,QG,2,18,Chu vi–diện tích với cạnh nguyên / cực trị,"Giữa kì TN14,17; mở rộng hình chữ nhật",Để sau TIMO/giữa kì,43,42,104,103,"VL-1-18,VL-3-18,VL-4-19,VL-5-18"
QG-2-19,QG,2,19,Tam giác vuông: cạnh huyền / ghép hình,Chưa thấy trong phạm vi giữa kì,Để sau TIMO/giữa kì,43,42,105,104,
QG-2-20,QG,2,20,Đếm đoạn nối hai điểm,Chưa thấy bài lớp tương ứng,Để sau TIMO/giữa kì,44,43,105,104,
QG-2-21,QG,2,21,Bậc thang / tổng bước / truy hồi,Chưa thấy bài lớp tương ứng,Để sau TIMO/giữa kì,44,43,105,104,"VL-1-24,VL-3-24,VL-4-24,VL-7-22"
QG-2-22,QG,2,22,Đếm số theo điều kiện chữ số,Cấu tạo số; Topic5 Counting theo nhật kí,Để sau TIMO/giữa kì,44,43,105,104,"VL-1-22,VL-3-21,VL-4-21,VL-5-22"
QG-2-23,QG,2,23,Đếm đường đi trên sơ đồ,Chưa thấy bài lớp tương ứng,Để sau TIMO/giữa kì,44,43,105,104,"VL-1-25,VL-3-25,VL-4-25,VL-5-25"
QG-2-24,QG,2,24,Chắc chắn / trường hợp xấu nhất,Chưa thấy bài lớp tương ứng,Để sau TIMO/giữa kì,44,43,106,105,"VL-1-21,VL-3-22,VL-4-22,VL-7-21"
QG-2-25,QG,2,25,Khử hai tổ hợp khối lượng,Giữa kì bài lời văn; nâng cao,Để sau TIMO/giữa kì,44,43,106,105,
QG-3-1,QG,3,1,Cắt gỗ / dây: số nhát cắt,Chưa thấy bài lớp tương ứng,Để sau TIMO/giữa kì,45,44,107,106,
QG-3-2,QG,3,2,Dãy có quy luật / dãy hiệu,Dãy số PDF1; CĐ1 PDF1,Để sau TIMO/giữa kì,45,44,107,106,"VL-1-1,VL-3-4,VL-4-4,VL-5-4"
QG-3-3,QG,3,3,"Lịch, thứ trong tuần, tháng/năm","Giữa kì TN8,10,11; TL5",Để sau TIMO/giữa kì,45,44,107,106,"VL-1-2,VL-3-2,VL-4-2,VL-5-2"
QG-3-4,QG,3,4,Làm ngược / tìm số ban đầu,Giữa kì TL6; CĐ1 PDF3,Để sau TIMO/giữa kì,45,44,107,106,"VL-1-3,VL-3-5,VL-4-5,VL-5-5"
QG-3-5,QG,3,5,"Giả thiết tạm: chân, vé, tiền",Đề cương ôn nâng cao; sơ đồ bài lời văn,Để sau TIMO/giữa kì,45,44,107,106,"VL-1-5,VL-3-3,VL-4-3,VL-5-3"
QG-3-6,QG,3,6,Tổng dãy cách đều,CĐ1 bài10 PDF2; Dãy số PDF1,Để sau TIMO/giữa kì,45,44,107,106,"VL-1-7,VL-3-7,VL-4-7,VL-5-7"
QG-3-7,QG,3,7,Tổng dãy nhân / nhân rồi trừ,Mở rộng từ CĐ1,Để sau TIMO/giữa kì,45,44,107,106,VL-7-10
QG-3-8,QG,3,8,Thứ tự phép tính / nhân chia,"Giữa kì TN12,15; CĐ1 PDF1",Để sau TIMO/giữa kì,45,44,108,107,"VL-1-6,VL-3-6,VL-4-6,VL-5-6"
QG-3-9,QG,3,9,Thứ tự phép tính / nhân chia,"Giữa kì TN12,15; CĐ1 PDF1",Để sau TIMO/giữa kì,45,44,108,107,"VL-1-6,VL-3-6,VL-4-6,VL-5-6"
QG-3-10,QG,3,10,Tính nhanh / thừa số chung / bù tròn,"Giữa kì TN20,TL7; CĐ1 bài2–6 PDF1–2",Để sau TIMO/giữa kì,45,44,108,107,"VL-1-8,VL-3-8,VL-4-8,VL-5-8"
QG-3-11,QG,3,11,Tổng–tỉ / hiệu–tỉ / phần bằng nhau,Math Comparison theo nhật kí; giữa kì TL10,Để sau TIMO/giữa kì,46,45,108,107,"VL-1-15,VL-3-14,VL-4-14,VL-5-14"
QG-3-12,QG,3,12,Chia hết / tìm chữ số / số lớn nhỏ,Phiếu Chia hết PDF1; cấu tạo số; TN4,Để sau TIMO/giữa kì,46,45,108,107,"VL-1-11,VL-1-14,VL-3-11,VL-3-15"
QG-3-13,QG,3,13,Tổng các số chẵn/lẻ liên tiếp,CĐ1/Dãy số; nâng cao,Để sau TIMO/giữa kì,46,45,108,107,
QG-3-14,QG,3,14,Chữ số tận cùng của tích,Phiếu Chữ số tận cùng PDF1,Để sau TIMO/giữa kì,46,45,108,107,"VL-1-12,VL-3-12,VL-4-12,VL-5-12"
QG-3-15,QG,3,15,Chia hết / tìm chữ số / số lớn nhỏ,Phiếu Chia hết PDF1; cấu tạo số; TN4,Để sau TIMO/giữa kì,46,45,108,107,"VL-1-11,VL-1-14,VL-3-11,VL-3-15"
QG-3-16,QG,3,16,Chu vi / suy cạnh / hình ghép,"Giữa kì TN14,17; TL10,12; TT16–18",Để sau TIMO/giữa kì,46,45,109,108,"VL-4-17,VL-5-17,VL-6-17,VL-6-18"
QG-3-17,QG,3,17,Chu vi / suy cạnh / hình ghép,"Giữa kì TN14,17; TL10,12; TT16–18",Để sau TIMO/giữa kì,46,45,109,108,"VL-4-17,VL-5-17,VL-6-17,VL-6-18"
QG-3-18,QG,3,18,Chu vi–diện tích với cạnh nguyên / cực trị,"Giữa kì TN14,17; mở rộng hình chữ nhật",Để sau TIMO/giữa kì,46,45,109,108,"VL-1-18,VL-3-18,VL-4-19,VL-5-18"
QG-3-19,QG,3,19,"Cạnh / mặt hình lập phương, hình chóp",Chưa thấy bài lớp tương ứng,Để sau TIMO/giữa kì,46,45,109,108,"VL-5-19,VL-6-19"
QG-3-20,QG,3,20,"Đếm hình chữ nhật, có/không điều kiện",Topic5 Counting theo nhật kí; thiếu phiếu cụ thể,Để sau TIMO/giữa kì,47,46,110,109,"VL-1-16,VL-3-16,VL-4-16,VL-5-16"
QG-3-21,QG,3,21,Đếm số có tích chữ số cho trước,Cấu tạo số; mở rộng,Để sau TIMO/giữa kì,47,46,110,109,
QG-3-22,QG,3,22,Chắc chắn / trường hợp xấu nhất,Chưa thấy bài lớp tương ứng,Để sau TIMO/giữa kì,47,46,110,109,"VL-1-21,VL-3-22,VL-4-22,VL-7-21"
QG-3-23,QG,3,23,Tổng–tỉ / hiệu–tỉ / phần bằng nhau,Math Comparison theo nhật kí; giữa kì TL10,Để sau TIMO/giữa kì,47,46,111,110,"VL-1-15,VL-3-14,VL-4-14,VL-5-14"
QG-3-24,QG,3,24,Đếm số theo điều kiện chữ số,Cấu tạo số; Topic5 Counting theo nhật kí,Để sau TIMO/giữa kì,47,46,111,110,"VL-1-22,VL-3-21,VL-4-21,VL-5-22"
QG-3-25,QG,3,25,Sắp xếp chữ / nhóm chữ liền nhau,Chưa thấy trong phạm vi giữa kì,Để sau TIMO/giữa kì,47,46,111,110,
QG-4-1,QG,4,1,Cắt gỗ / dây: số nhát cắt,Chưa thấy bài lớp tương ứng,Để sau TIMO/giữa kì,48,47,112,111,
QG-4-2,QG,4,2,"Giả thiết tạm: chân, vé, tiền",Đề cương ôn nâng cao; sơ đồ bài lời văn,Để sau TIMO/giữa kì,48,47,112,111,"VL-1-5,VL-3-3,VL-4-3,VL-5-3"
QG-4-3,QG,4,3,Dãy có quy luật / dãy hiệu,Dãy số PDF1; CĐ1 PDF1,Để sau TIMO/giữa kì,48,47,112,111,"VL-1-1,VL-3-4,VL-4-4,VL-5-4"
QG-4-4,QG,4,4,"Lịch, thứ trong tuần, tháng/năm","Giữa kì TN8,10,11; TL5",Để sau TIMO/giữa kì,48,47,112,111,"VL-1-2,VL-3-2,VL-4-2,VL-5-2"
QG-4-5,QG,4,5,Làm ngược / tìm số ban đầu,Giữa kì TL6; CĐ1 PDF3,Để sau TIMO/giữa kì,48,47,112,111,"VL-1-3,VL-3-5,VL-4-5,VL-5-5"
QG-4-6,QG,4,6,Tổng dãy cách đều,CĐ1 bài10 PDF2; Dãy số PDF1,Để sau TIMO/giữa kì,48,47,112,111,"VL-1-7,VL-3-7,VL-4-7,VL-5-7"
QG-4-7,QG,4,7,Tổng dãy nhân / nhân rồi trừ,Mở rộng từ CĐ1,Để sau TIMO/giữa kì,48,47,113,112,VL-7-10
QG-4-8,QG,4,8,Thứ tự phép tính / nhân chia,"Giữa kì TN12,15; CĐ1 PDF1",Để sau TIMO/giữa kì,48,47,113,112,"VL-1-6,VL-3-6,VL-4-6,VL-5-6"
QG-4-9,QG,4,9,Thứ tự phép tính / nhân chia,"Giữa kì TN12,15; CĐ1 PDF1",Để sau TIMO/giữa kì,48,47,113,112,"VL-1-6,VL-3-6,VL-4-6,VL-5-6"
QG-4-10,QG,4,10,Tính nhanh / thừa số chung / bù tròn,"Giữa kì TN20,TL7; CĐ1 bài2–6 PDF1–2",Để sau TIMO/giữa kì,48,47,113,112,"VL-1-8,VL-3-8,VL-4-8,VL-5-8"
QG-4-11,QG,4,11,Tích–tỉ / tìm hai số từ tích,Chưa thấy trong phạm vi giữa kì,Để sau TIMO/giữa kì,49,48,113,112,
QG-4-12,QG,4,12,Đếm các số chia hết,CĐ1/Dãy số; phiếu Chia hết,Để sau TIMO/giữa kì,49,48,113,112,"VL-1-23,VL-3-23,VL-4-23,VL-5-21"
QG-4-13,QG,4,13,Tổng các số chẵn/lẻ liên tiếp,CĐ1/Dãy số; nâng cao,Để sau TIMO/giữa kì,49,48,113,112,
QG-4-14,QG,4,14,Chữ số tận cùng của tích,Phiếu Chữ số tận cùng PDF1,Để sau TIMO/giữa kì,49,48,114,113,"VL-1-12,VL-3-12,VL-4-12,VL-5-12"
QG-4-15,QG,4,15,Chia hết / tìm chữ số / số lớn nhỏ,Phiếu Chia hết PDF1; cấu tạo số; TN4,Để sau TIMO/giữa kì,49,48,114,113,"VL-1-11,VL-1-14,VL-3-11,VL-3-15"
QG-4-16,QG,4,16,Đếm đoạn nối hai điểm,Chưa thấy bài lớp tương ứng,Để sau TIMO/giữa kì,49,48,114,113,
QG-4-17,QG,4,17,"Đếm hình chữ nhật, có/không điều kiện",Topic5 Counting theo nhật kí; thiếu phiếu cụ thể,Để sau TIMO/giữa kì,49,48,114,113,"VL-1-16,VL-3-16,VL-4-16,VL-5-16"
QG-4-18,QG,4,18,Chu vi / suy cạnh / hình ghép,"Giữa kì TN14,17; TL10,12; TT16–18",Để sau TIMO/giữa kì,49,48,114,113,"VL-4-17,VL-5-17,VL-6-17,VL-6-18"
QG-4-19,QG,4,19,Chu vi–diện tích với cạnh nguyên / cực trị,"Giữa kì TN14,17; mở rộng hình chữ nhật",Để sau TIMO/giữa kì,49,48,115,114,"VL-1-18,VL-3-18,VL-4-19,VL-5-18"
QG-4-20,QG,4,20,"Đếm hình chữ nhật, có/không điều kiện",Topic5 Counting theo nhật kí; thiếu phiếu cụ thể,Để sau TIMO/giữa kì,50,49,115,114,"VL-1-16,VL-3-16,VL-4-16,VL-5-16"
QG-4-21,QG,4,21,Đếm số có tích chữ số cho trước,Cấu tạo số; mở rộng,Để sau TIMO/giữa kì,50,49,115,114,
QG-4-22,QG,4,22,Chắc chắn / trường hợp xấu nhất,Chưa thấy bài lớp tương ứng,Để sau TIMO/giữa kì,50,49,116,115,"VL-1-21,VL-3-22,VL-4-22,VL-7-21"
QG-4-23,QG,4,23,Đếm số theo điều kiện chữ số,Cấu tạo số; Topic5 Counting theo nhật kí,Để sau TIMO/giữa kì,50,49,116,115,"VL-1-22,VL-3-21,VL-4-21,VL-5-22"
QG-4-24,QG,4,24,Đếm số theo điều kiện chữ số,Cấu tạo số; Topic5 Counting theo nhật kí,Để sau TIMO/giữa kì,50,49,116,115,"VL-1-22,VL-3-21,VL-4-21,VL-5-22"
QG-4-25,QG,4,25,Sắp xếp chữ / nhóm chữ liền nhau,Chưa thấy trong phạm vi giữa kì,Để sau TIMO/giữa kì,50,49,116,115,
QG-5-1,QG,5,1,"Lịch, thứ trong tuần, tháng/năm","Giữa kì TN8,10,11; TL5",Để sau TIMO/giữa kì,51,50,117,116,"VL-1-2,VL-3-2,VL-4-2,VL-5-2"
QG-5-2,QG,5,2,Chu kì hình / chữ / vị trí,Cấu tạo số bài14 PDF2; Dãy số bài15–16 PDF2,Để sau TIMO/giữa kì,51,50,117,116,"VL-1-4,VL-3-1,VL-4-1,VL-5-1"
QG-5-3,QG,5,3,"Giả thiết tạm: chân, vé, tiền",Đề cương ôn nâng cao; sơ đồ bài lời văn,Để sau TIMO/giữa kì,51,50,117,116,"VL-1-5,VL-3-3,VL-4-3,VL-5-3"
QG-5-4,QG,5,4,Làm ngược / tìm số ban đầu,Giữa kì TL6; CĐ1 PDF3,Để sau TIMO/giữa kì,51,50,117,116,"VL-1-3,VL-3-5,VL-4-5,VL-5-5"
QG-5-5,QG,5,5,Quy luật hình phát triển / số khối,Topic3 theo nhật kí; chưa có phiếu đầy đủ,Để sau TIMO/giữa kì,51,50,117,116,
QG-5-6,QG,5,6,Thứ tự phép tính / nhân chia,"Giữa kì TN12,15; CĐ1 PDF1",Để sau TIMO/giữa kì,51,50,118,117,"VL-1-6,VL-3-6,VL-4-6,VL-5-6"
QG-5-7,QG,5,7,Tính nhanh / thừa số chung / bù tròn,"Giữa kì TN20,TL7; CĐ1 bài2–6 PDF1–2",Để sau TIMO/giữa kì,51,50,118,117,"VL-1-8,VL-3-8,VL-4-8,VL-5-8"
QG-5-8,QG,5,8,Thứ tự phép tính / nhân chia,"Giữa kì TN12,15; CĐ1 PDF1",Để sau TIMO/giữa kì,51,50,118,117,"VL-1-6,VL-3-6,VL-4-6,VL-5-6"
QG-5-9,QG,5,9,Tổng dãy cách đều,CĐ1 bài10 PDF2; Dãy số PDF1,Để sau TIMO/giữa kì,52,51,118,117,"VL-1-7,VL-3-7,VL-4-7,VL-5-7"
QG-5-10,QG,5,10,Tổng dãy nhân / nhân rồi trừ,Mở rộng từ CĐ1,Để sau TIMO/giữa kì,52,51,118,117,VL-7-10
QG-5-11,QG,5,11,Tổng các số chẵn/lẻ liên tiếp,CĐ1/Dãy số; nâng cao,Để sau TIMO/giữa kì,52,51,118,117,
QG-5-12,QG,5,12,"Phép toán mới, có thể lồng nhau",Topic4 theo nhật kí; giữa kì TN12,Để sau TIMO/giữa kì,52,51,118,117,"VL-1-13,VL-3-13,VL-4-13,VL-5-13"
QG-5-13,QG,5,13,Chữ số tận cùng của tích,Phiếu Chữ số tận cùng PDF1,Để sau TIMO/giữa kì,52,51,119,118,"VL-1-12,VL-3-12,VL-4-12,VL-5-12"
QG-5-14,QG,5,14,Chia hết / tìm chữ số / số lớn nhỏ,Phiếu Chia hết PDF1; cấu tạo số; TN4,Để sau TIMO/giữa kì,52,51,119,118,"VL-1-11,VL-1-14,VL-3-11,VL-3-15"
QG-5-15,QG,5,15,Chia có dư / hai cách chia vật,Chưa thấy chuyên đề tương ứng,Để sau TIMO/giữa kì,52,51,119,118,
QG-5-16,QG,5,16,Tam giác vuông: cạnh huyền / ghép hình,Chưa thấy trong phạm vi giữa kì,Để sau TIMO/giữa kì,52,51,119,118,
QG-5-17,QG,5,17,Chu vi–diện tích với cạnh nguyên / cực trị,"Giữa kì TN14,17; mở rộng hình chữ nhật",Để sau TIMO/giữa kì,52,51,119,118,"VL-1-18,VL-3-18,VL-4-19,VL-5-18"
QG-5-18,QG,5,18,Nhìn hình khối từ một phía,Chưa thấy bài lớp tương ứng,Để sau TIMO/giữa kì,53,52,120,119,"VL-1-19,VL-3-19,VL-4-18"
QG-5-19,QG,5,19,Quy luật hình phát triển / số khối,Topic3 theo nhật kí; chưa có phiếu đầy đủ,Để sau TIMO/giữa kì,53,52,120,119,
QG-5-20,QG,5,20,"Đếm hình chữ nhật, có/không điều kiện",Topic5 Counting theo nhật kí; thiếu phiếu cụ thể,Để sau TIMO/giữa kì,53,52,120,119,"VL-1-16,VL-3-16,VL-4-16,VL-5-16"
QG-5-21,QG,5,21,Chắc chắn / trường hợp xấu nhất,Chưa thấy bài lớp tương ứng,Để sau TIMO/giữa kì,53,52,121,120,"VL-1-21,VL-3-22,VL-4-22,VL-7-21"
QG-5-22,QG,5,22,Đếm số theo điều kiện chữ số,Cấu tạo số; Topic5 Counting theo nhật kí,Để sau TIMO/giữa kì,53,52,121,120,"VL-1-22,VL-3-21,VL-4-21,VL-5-22"
QG-5-23,QG,5,23,Đếm số có tích chữ số cho trước,Cấu tạo số; mở rộng,Để sau TIMO/giữa kì,54,53,121,120,
QG-5-24,QG,5,24,Lập số để tổng/hiệu lớn nhỏ nhất,Cấu tạo số; mở rộng,Để sau TIMO/giữa kì,54,53,121,120,VL-6-25
QG-5-25,QG,5,25,Đếm đường đi trên sơ đồ,Chưa thấy bài lớp tương ứng,Để sau TIMO/giữa kì,54,53,121,120,"VL-1-25,VL-3-25,VL-4-25,VL-5-25"
QG-6-1,QG,6,1,"Lịch, thứ trong tuần, tháng/năm","Giữa kì TN8,10,11; TL5",Để sau TIMO/giữa kì,55,54,122,121,"VL-1-2,VL-3-2,VL-4-2,VL-5-2"
QG-6-2,QG,6,2,"Giả thiết tạm: chân, vé, tiền",Đề cương ôn nâng cao; sơ đồ bài lời văn,Để sau TIMO/giữa kì,55,54,122,121,"VL-1-5,VL-3-3,VL-4-3,VL-5-3"
QG-6-3,QG,6,3,Cắt gỗ / dây: số nhát cắt,Chưa thấy bài lớp tương ứng,Để sau TIMO/giữa kì,55,54,122,121,
QG-6-4,QG,6,4,Làm ngược / tìm số ban đầu,Giữa kì TL6; CĐ1 PDF3,Để sau TIMO/giữa kì,55,54,122,121,"VL-1-3,VL-3-5,VL-4-5,VL-5-5"
QG-6-5,QG,6,5,Quy luật hình phát triển / số khối,Topic3 theo nhật kí; chưa có phiếu đầy đủ,Để sau TIMO/giữa kì,55,54,122,121,
QG-6-6,QG,6,6,Thứ tự phép tính / nhân chia,"Giữa kì TN12,15; CĐ1 PDF1",Để sau TIMO/giữa kì,55,54,122,121,"VL-1-6,VL-3-6,VL-4-6,VL-5-6"
QG-6-7,QG,6,7,Thứ tự phép tính / nhân chia,"Giữa kì TN12,15; CĐ1 PDF1",Để sau TIMO/giữa kì,55,54,122,121,"VL-1-6,VL-3-6,VL-4-6,VL-5-6"
QG-6-8,QG,6,8,Tính nhanh / thừa số chung / bù tròn,"Giữa kì TN20,TL7; CĐ1 bài2–6 PDF1–2",Để sau TIMO/giữa kì,55,54,123,122,"VL-1-8,VL-3-8,VL-4-8,VL-5-8"
QG-6-9,QG,6,9,Tổng dãy cách đều,CĐ1 bài10 PDF2; Dãy số PDF1,Để sau TIMO/giữa kì,56,55,123,122,"VL-1-7,VL-3-7,VL-4-7,VL-5-7"
QG-6-10,QG,6,10,Tổng dãy nhân / nhân rồi trừ,Mở rộng từ CĐ1,Để sau TIMO/giữa kì,56,55,123,122,VL-7-10
QG-6-11,QG,6,11,Chia hết / tìm chữ số / số lớn nhỏ,Phiếu Chia hết PDF1; cấu tạo số; TN4,Để sau TIMO/giữa kì,56,55,123,122,"VL-1-11,VL-1-14,VL-3-11,VL-3-15"
QG-6-12,QG,6,12,Chữ số tận cùng của tích,Phiếu Chữ số tận cùng PDF1,Để sau TIMO/giữa kì,56,55,123,122,"VL-1-12,VL-3-12,VL-4-12,VL-5-12"
QG-6-13,QG,6,13,"Phép toán mới, có thể lồng nhau",Topic4 theo nhật kí; giữa kì TN12,Để sau TIMO/giữa kì,56,55,124,123,"VL-1-13,VL-3-13,VL-4-13,VL-5-13"
QG-6-14,QG,6,14,Tổng–tỉ / hiệu–tỉ / phần bằng nhau,Math Comparison theo nhật kí; giữa kì TL10,Để sau TIMO/giữa kì,56,55,124,123,"VL-1-15,VL-3-14,VL-4-14,VL-5-14"
QG-6-15,QG,6,15,Đếm ước của một số,Phiếu Chia hết; chưa thấy chuyên đề đếm ước,Để sau TIMO/giữa kì,56,55,124,123,VL-6-13
QG-6-16,QG,6,16,"Đếm hình chữ nhật, có/không điều kiện",Topic5 Counting theo nhật kí; thiếu phiếu cụ thể,Để sau TIMO/giữa kì,56,55,124,123,"VL-1-16,VL-3-16,VL-4-16,VL-5-16"
QG-6-17,QG,6,17,Đếm tam giác vuông,Góc trong đề cương; mở rộng,Để sau TIMO/giữa kì,56,55,124,123,
QG-6-18,QG,6,18,Chu vi–diện tích với cạnh nguyên / cực trị,"Giữa kì TN14,17; mở rộng hình chữ nhật",Để sau TIMO/giữa kì,57,56,124,123,"VL-1-18,VL-3-18,VL-4-19,VL-5-18"
QG-6-19,QG,6,19,Chu vi / suy cạnh / hình ghép,"Giữa kì TN14,17; TL10,12; TT16–18",Để sau TIMO/giữa kì,57,56,124,123,"VL-4-17,VL-5-17,VL-6-17,VL-6-18"
QG-6-20,QG,6,20,Chu vi–diện tích với cạnh nguyên / cực trị,"Giữa kì TN14,17; mở rộng hình chữ nhật",Để sau TIMO/giữa kì,57,56,124,123,"VL-1-18,VL-3-18,VL-4-19,VL-5-18"
QG-6-21,QG,6,21,Chia nhóm để đảm bảo tối thiểu,Chưa thấy trong phạm vi giữa kì,Để sau TIMO/giữa kì,57,56,125,124,
QG-6-22,QG,6,22,Lập số để tổng/hiệu lớn nhỏ nhất,Cấu tạo số; mở rộng,Để sau TIMO/giữa kì,57,56,125,124,VL-6-25
QG-6-23,QG,6,23,Tổng–tỉ / hiệu–tỉ / phần bằng nhau,Math Comparison theo nhật kí; giữa kì TL10,Để sau TIMO/giữa kì,57,56,125,124,"VL-1-15,VL-3-14,VL-4-14,VL-5-14"
QG-6-24,QG,6,24,Bậc thang / tổng bước / truy hồi,Chưa thấy bài lớp tương ứng,Để sau TIMO/giữa kì,57,56,125,124,"VL-1-24,VL-3-24,VL-4-24,VL-7-22"
QG-6-25,QG,6,25,Đếm số theo điều kiện chữ số,Cấu tạo số; Topic5 Counting theo nhật kí,Để sau TIMO/giữa kì,57,56,126,125,"VL-1-22,VL-3-21,VL-4-21,VL-5-22"
QG-7-1,QG,7,1,Dãy có quy luật / dãy hiệu,Dãy số PDF1; CĐ1 PDF1,Để sau TIMO/giữa kì,58,57,127,126,"VL-1-1,VL-3-4,VL-4-4,VL-5-4"
QG-7-2,QG,7,2,Chu kì hình / chữ / vị trí,Cấu tạo số bài14 PDF2; Dãy số bài15–16 PDF2,Để sau TIMO/giữa kì,58,57,127,126,"VL-1-4,VL-3-1,VL-4-1,VL-5-1"
QG-7-3,QG,7,3,Cắt gỗ / dây: số nhát cắt,Chưa thấy bài lớp tương ứng,Để sau TIMO/giữa kì,58,57,127,126,
QG-7-4,QG,7,4,"Lịch, thứ trong tuần, tháng/năm","Giữa kì TN8,10,11; TL5",Để sau TIMO/giữa kì,58,57,127,126,"VL-1-2,VL-3-2,VL-4-2,VL-5-2"
QG-7-5,QG,7,5,Làm ngược / tìm số ban đầu,Giữa kì TL6; CĐ1 PDF3,Để sau TIMO/giữa kì,58,57,127,126,"VL-1-3,VL-3-5,VL-4-5,VL-5-5"
QG-7-6,QG,7,6,Thứ tự phép tính / nhân chia,"Giữa kì TN12,15; CĐ1 PDF1",Để sau TIMO/giữa kì,58,57,127,126,"VL-1-6,VL-3-6,VL-4-6,VL-5-6"
QG-7-7,QG,7,7,Ghép cặp với dấu cộng trừ,CĐ1 bài8–9 PDF2; ảnh bài8,Để sau TIMO/giữa kì,58,57,128,127,"VL-1-9,VL-3-9,VL-4-9,VL-5-9"
QG-7-8,QG,7,8,Tổng dãy cách đều,CĐ1 bài10 PDF2; Dãy số PDF1,Để sau TIMO/giữa kì,58,57,128,127,"VL-1-7,VL-3-7,VL-4-7,VL-5-7"
QG-7-9,QG,7,9,Tính nhanh / thừa số chung / bù tròn,"Giữa kì TN20,TL7; CĐ1 bài2–6 PDF1–2",Để sau TIMO/giữa kì,58,57,128,127,"VL-1-8,VL-3-8,VL-4-8,VL-5-8"
QG-7-10,QG,7,10,Thứ tự phép tính / nhân chia,"Giữa kì TN12,15; CĐ1 PDF1",Để sau TIMO/giữa kì,58,57,128,127,"VL-1-6,VL-3-6,VL-4-6,VL-5-6"
QG-7-11,QG,7,11,Chia hết / tìm chữ số / số lớn nhỏ,Phiếu Chia hết PDF1; cấu tạo số; TN4,Để sau TIMO/giữa kì,58,57,128,127,"VL-1-11,VL-1-14,VL-3-11,VL-3-15"
QG-7-12,QG,7,12,Chữ số tận cùng của tích,Phiếu Chữ số tận cùng PDF1,Để sau TIMO/giữa kì,59,58,128,127,"VL-1-12,VL-3-12,VL-4-12,VL-5-12"
QG-7-13,QG,7,13,"Phép toán mới, có thể lồng nhau",Topic4 theo nhật kí; giữa kì TN12,Để sau TIMO/giữa kì,59,58,129,128,"VL-1-13,VL-3-13,VL-4-13,VL-5-13"
QG-7-14,QG,7,14,Tích–tỉ / tìm hai số từ tích,Chưa thấy trong phạm vi giữa kì,Để sau TIMO/giữa kì,59,58,129,128,
QG-7-15,QG,7,15,Chia hết / tìm chữ số / số lớn nhỏ,Phiếu Chia hết PDF1; cấu tạo số; TN4,Để sau TIMO/giữa kì,59,58,129,128,"VL-1-11,VL-1-14,VL-3-11,VL-3-15"
QG-7-16,QG,7,16,"Đếm hình chữ nhật, có/không điều kiện",Topic5 Counting theo nhật kí; thiếu phiếu cụ thể,Để sau TIMO/giữa kì,59,58,129,128,"VL-1-16,VL-3-16,VL-4-16,VL-5-16"
QG-7-17,QG,7,17,Tam giác vuông: cạnh huyền / ghép hình,Chưa thấy trong phạm vi giữa kì,Để sau TIMO/giữa kì,59,58,129,128,
QG-7-18,QG,7,18,Chu vi–diện tích với cạnh nguyên / cực trị,"Giữa kì TN14,17; mở rộng hình chữ nhật",Để sau TIMO/giữa kì,59,58,129,128,"VL-1-18,VL-3-18,VL-4-19,VL-5-18"
QG-7-19,QG,7,19,Chu vi / suy cạnh / hình ghép,"Giữa kì TN14,17; TL10,12; TT16–18",Để sau TIMO/giữa kì,59,58,129,128,"VL-4-17,VL-5-17,VL-6-17,VL-6-18"
QG-7-20,QG,7,20,Đếm tam giác vuông,Góc trong đề cương; mở rộng,Để sau TIMO/giữa kì,59,58,130,129,
QG-7-21,QG,7,21,Lập số để tổng/hiệu lớn nhỏ nhất,Cấu tạo số; mở rộng,Để sau TIMO/giữa kì,60,59,130,129,VL-6-25
QG-7-22,QG,7,22,Tổng–tỉ / hiệu–tỉ / phần bằng nhau,Math Comparison theo nhật kí; giữa kì TL10,Để sau TIMO/giữa kì,60,59,130,129,"VL-1-15,VL-3-14,VL-4-14,VL-5-14"
QG-7-23,QG,7,23,Số người và số ngày làm việc,Chưa thấy trong phạm vi giữa kì,Để sau TIMO/giữa kì,60,59,130,129,
QG-7-24,QG,7,24,"Giả thiết tạm: chân, vé, tiền",Đề cương ôn nâng cao; sơ đồ bài lời văn,Để sau TIMO/giữa kì,60,59,131,130,"VL-1-5,VL-3-3,VL-4-3,VL-5-3"
QG-7-25,QG,7,25,Đếm số theo điều kiện chữ số,Cấu tạo số; Topic5 Counting theo nhật kí,Để sau TIMO/giữa kì,60,59,131,130,"VL-1-22,VL-3-21,VL-4-21,VL-5-22"
